,EUR3M
1994-02,0.005758333333333333
1994-03,0.005716666666666668
1994-04,0.005625000000000001
1994-05,0.005475000000000001
1994-06,0.005200000000000001
1994-07,0.00525
1994-08,0.0052833333333333335
1994-09,0.005358333333333333
1994-10,0.005316666666666667
1994-11,0.005358333333333333
1994-12,0.005333333333333333
1995-01,0.005575
1995-02,0.00555
1995-03,0.005491666666666666
1995-04,0.0063166666666666675
1995-05,0.0060750000000000005
1995-06,0.005866666666666667
1995-07,0.0059
1995-08,0.0057666666666666665
1995-09,0.00555
1995-10,0.005416666666666667
1995-11,0.005625000000000001
1995-12,0.0053750000000000004
1996-01,0.005266666666666667
1996-02,0.004841666666666667
1996-03,0.0046500000000000005
1996-04,0.004583333333333333
1996-05,0.004391666666666666
1996-06,0.004216666666666666
1996-07,0.004233333333333333
1996-08,0.004216666666666666
1996-09,0.004233333333333333
1996-10,0.004050000000000001
1996-11,0.003908333333333334
1996-12,0.0038083333333333337
1997-01,0.00375
1997-02,0.003658333333333333
1997-03,0.0036916666666666664
1997-04,0.00375
1997-05,0.003658333333333333
1997-06,0.003583333333333333
1997-07,0.003575
1997-08,0.003583333333333333
1997-09,0.0036333333333333335
1997-10,0.0035916666666666666
1997-11,0.0037
1997-12,0.003741666666666667
1998-01,0.0036416666666666667
1998-02,0.0035499999999999998
1998-03,0.003533333333333333
1998-04,0.0034250000000000005
1998-05,0.003408333333333333
1998-06,0.0033833333333333332
1998-07,0.0033499999999999992
1998-08,0.0032916666666666667
1998-09,0.003275
1998-10,0.003275
1998-11,0.0031750000000000003
1998-12,0.003075
1999-01,0.0028083333333333333
1999-02,0.0026100833333333336
1999-03,0.0025778333333333335
1999-04,0.002538913043478258
1999-05,0.0022470454545454586
1999-06,0.0021491269841269834
1999-07,0.0021889015151515165
1999-08,0.0022303787878787916
1999-09,0.002245871212121208
1999-10,0.0022722348484848502
1999-11,0.0028130555555555582
1999-12,0.00288973484848485
2000-01,0.002871704545454542
2000-02,0.0027859523809523833
2000-03,0.0029473015873015917
2000-04,0.0031225362318840592
2000-05,0.0032710648148148165
2000-06,0.0036350378787878834
2000-07,0.0037514393939393925
2000-08,0.0038190873015872995
2000-09,0.00398090579710145
2000-10,0.004044007936507933
2000-11,0.004201060606060607
2000-12,0.00424329545454545
2001-01,0.0041159649122806995
2001-02,0.003975606060606059
2001-03,0.003963166666666666
2001-04,0.003923863636363634
2001-05,0.0039016666666666666
2001-06,0.003863901515151517
2001-07,0.003711309523809525
2001-08,0.0037226136363636333
2001-09,0.003627934782608692
2001-10,0.0033190416666666668
2001-11,0.0029998913043478253
2001-12,0.002821401515151517
2002-01,0.0027874074074074086
2002-02,0.002782310606060608
2002-03,0.002797583333333333
2002-04,0.002825666666666667
2002-05,0.0028390873015873004
2002-06,0.0028892803030303002
2002-07,0.0028866666666666663
2002-08,0.0028416666666666664
2002-09,0.0027932575757575752
2002-10,0.0027584523809523836
2002-11,0.0027177173913043497
2002-12,0.0026034523809523834
2003-01,0.0024508750000000004
2003-02,0.0023598484848484833
2003-03,0.002239541666666667
2003-04,0.00210829365079365
2003-05,0.0021111249999999997
2003-06,0.002000436507936508
2003-07,0.0017932142857142834
2003-08,0.0017750362318840584
2003-09,0.001783690476190475
2003-10,0.0017894318181818165
2003-11,0.001786304347826083
2003-12,0.0017992083333333334
2004-01,0.0017886111111111082
2004-02,0.0017412301587301582
2004-03,0.0017254583333333332
2004-04,0.0016906884057970998
2004-05,0.0017072916666666669
2004-06,0.0017382142857142837
2004-07,0.0017605681818181832
2004-08,0.0017633712121212168
2004-09,0.0017618939393939418
2004-10,0.0017654924242424246
2004-11,0.0017894444444444416
2004-12,0.0018085984848484834
2005-01,0.0018109782608695668
2005-02,0.0017878571428571416
2005-03,0.0017819583333333333
2005-04,0.0017809920634920668
2005-05,0.00178103174603175
2005-06,0.0017713636363636334
2005-07,0.0017592045454545419
2005-08,0.0017661904761904744
2005-09,0.0017770652173913083
2005-10,0.0017826136363636332
2005-11,0.001830515873015875
2005-12,0.001967386363636367
2006-01,0.0020607142857142833
2006-02,0.0020930681818181834
2006-03,0.0021669583333333337
2006-04,0.0022688405797101417
2006-05,0.00232814814814815
2006-06,0.0024075
2006-07,0.0024880681818181833
2006-08,0.0025851587301587335
2006-09,0.0026887318840579755
2006-10,0.0027794841269841246
2006-11,0.002918333333333333
2006-12,0.002997651515151517
2007-01,0.003070175438596492
2007-02,0.0031265530303030333
2007-03,0.0031818333333333334
2007-04,0.0032424242424242415
2007-05,0.0033127192982456166
2007-06,0.003392803030303033
2007-07,0.003456468253968259
2007-08,0.0035134848484848495
2007-09,0.0037863405797101415
2007-10,0.0039514166666666664
2007-11,0.0039061594202898582
2007-12,0.0038654545454545417
2008-01,0.0040403070175438595
2008-02,0.0037346212121212082
2008-03,0.0036350793650793667
2008-04,0.0038303070175438585
2008-05,0.00398625
2008-06,0.004047817460317458
2008-07,0.004117103174603174
2008-08,0.004134166666666667
2008-09,0.004137658730158734
2008-10,0.004182651515151517
2008-11,0.0042609057971014505
2008-12,0.0035319166666666663
2009-01,0.0027438492063492086
2009-02,0.002047103174603175
2009-03,0.0016192083333333334
2009-04,0.0013628787878787916
2009-05,0.0011852499999999999
2009-06,0.0010680833333333334
2009-07,0.001023257575757575
2009-08,0.0008124637681159426
2009-09,0.0007170634920634925
2009-10,0.0006434090909090909
2009-11,0.0006145833333333334
2009-12,0.0005968253968253967
2010-01,0.0005933712121212116
2010-02,0.0005664583333333333
2010-03,0.0005514166666666666
2010-04,0.0005374637681159417
2010-05,0.0005372500000000001
2010-06,0.0005721031746031749
2010-07,0.0006063257575757574
2010-08,0.000707348484848485
2010-09,0.00074625
2010-10,0.00073375
2010-11,0.0008313888888888892
2010-12,0.0008683712121212083
2011-01,0.0008514130434782584
2011-02,0.0008476984126984166
2011-03,0.0009056250000000001
2011-04,0.0009796014492753583
2011-05,0.001101008771929825
2011-06,0.0011875757575757584
2011-07,0.001240492424242425
2011-08,0.0013313492063492082
2011-09,0.0012934057971014498
2011-10,0.0012803787878787915
2011-11,0.0013132142857142832
2011-12,0.0012372348484848501
2012-01,0.0011884126984127
2012-02,0.001018522727272725
2012-03,0.0008735714285714251
2012-04,0.0007153787878787884
2012-05,0.0006202631578947367
2012-06,0.0005707575757575759
2012-07,0.0005490476190476193
2012-08,0.0004142045454545459
2012-09,0.0002769927536231883
2012-10,0.00020525
2012-11,0.0001732608695652175
2012-12,0.00016
2013-01,0.00015456140350877167
2013-02,0.00017075757575757584
2013-03,0.00018612499999999998
2013-04,0.00017170833333333336
2013-05,0.00017408730158730167
2013-06,0.00016768939393939418
2013-07,0.00017520833333333331
2013-08,0.00018452898550724666
2013-09,0.00018821969696969666
2013-10,0.00018603174603174584
2013-11,0.00018818840579710167
2013-12,0.00018615079365079336
2014-01,0.00022791666666666666
2014-02,0.00024337121212121248
2014-03,0.00024008333333333336
2014-04,0.0002544444444444442
2014-05,0.0002747916666666667
2014-06,0.0002704761904761908
2014-07,0.00020119047619047582
2014-08,0.00017086956521739167
2014-09,0.00015964285714285752
2014-10,8.090909090909092e-05
2014-11,6.884057971014492e-05
2014-12,6.741666666666667e-05
2015-01,6.742063492063491e-05
2015-02,5.2222222222222255e-05
2015-03,4.016666666666667e-05
2015-04,2.2651515151515166e-05
2015-05,3.916666666666667e-06
2015-06,-8.640350877193e-06
2015-07,-1.1590909090909082e-05
2015-08,-1.56159420289855e-05
2015-09,-2.3055555555555585e-05
2015-10,-3.0871212121212166e-05
2015-11,-4.465909090909092e-05
2015-12,-7.301587301587299e-05
2016-01,-0.00010526515151515166
2016-02,-0.00012179166666666668
2016-03,-0.00015297619047619082
2016-04,-0.0001904365079365083
2016-05,-0.00020765873015873
2016-06,-0.0002143181818181817
2016-07,-0.00022325757575757585
2016-08,-0.0002454365079365075
2016-09,-0.00024851449275362336
2016-10,-0.00025136363636363664
2016-11,-0.00025749999999999997
2016-12,-0.0002605681818181817
2017-01,-0.00026313492063492083
2017-02,-0.00027128787878787916
2017-03,-0.00027383333333333334
2017-04,-0.00027445652173913086
2017-05,-0.00027532407407407415
2017-06,-0.0002745454545454542
2017-07,-0.000275
2017-08,-0.0002753571428571425
2017-09,-0.0002742391304347825
2017-10,-0.0002744841269841267
2017-11,-0.0002746212121212125
2017-12,-0.00027416666666666664
2018-01,-0.0002732456140350875
2018-02,-0.0002737121212121217
2018-03,-0.00027375
2018-04,-0.0002732539682539683
2018-05,-0.0002737083333333333
2018-06,-0.0002710227272727275
2018-07,-0.0002683730158730159
2018-08,-0.00026727272727272754
2018-09,-0.00026583333333333336
2018-10,-0.00026570833333333335
2018-11,-0.0002647463768115942
2018-12,-0.00026363636363636335
2019-01,-0.00025991228070175416
2019-02,-0.00025666666666666665
2019-03,-0.00025704166666666665
2019-04,-0.00025765873015873
2019-05,-0.00025870833333333334
2019-06,-0.00025988636363636334
2019-07,-0.00027408333333333337
2019-08,-0.0003040579710144925
2019-09,-0.0003397348484848483
2019-10,-0.0003479761904761908
2019-11,-0.00034405797101449254
2019-12,-0.00033440476190476167
2020-01,-0.00032891666666666665
2020-02,-0.00032594696969697
2020-03,-0.0003407083333333333
2020-04,-0.00034719696969697
2020-05,-0.0002117083333333333
2020-06,-0.00022662500000000002
2020-07,-0.0003133333333333333
2020-08,-0.00037010869565217417
2020-09,-0.000399761904761905
2020-10,-0.0004094696969696966
2020-11,-0.00042428030303030335
2020-12,-0.0004340476190476192
2021-01,-0.00044840909090909084
2021-02,-0.0004559583333333334
2021-03,-0.0004509166666666667
2021-04,-0.0004492391304347825
2021-05,-0.0004484583333333333
2021-06,-0.00045007936507936494
2021-07,-0.0004524242424242425
2021-08,-0.00045401515151515166
2021-09,-0.00045632575757575754
2021-10,-0.00045420454545454497
2021-11,-0.0004581746031746033
2021-12,-0.00047280303030303
2022-01,-0.0004849637681159417
2022-02,-0.00046678571428571423
2022-03,-0.0004429166667083333
2022-04,-0.00041286231884058
2022-05,-0.0003732456140350875
2022-06,-0.00032143939393939415
2022-07,-0.00019935606060606087
2022-08,3.0515873015873e-05
2022-09,0.00032894927536231914
2022-10,0.0008423863636363668
2022-11,0.001189722222222225
2022-12,0.001521022727272725
2023-01,0.0017195634920634916
2023-02,0.0019540530303030334
2023-03,0.002200291666666667
2023-04,0.002425471014492758
2023-05,0.0026391666666666664
2023-06,0.0028053623188405833
2023-07,0.0029465530303030333
2023-08,0.0030598412698412663
2023-09,0.003150253623188408
2023-10,0.0032333730158730163
2023-11,0.0033063636363636333
2023-12,0.0033096969696969664
2024-01,0.003277579365079367
2024-02,0.0032710606060606085
2024-03,0.0032693253968254002
2024-04,0.0032686507936507928
2024-05,0.0032386363636363667
2024-06,0.0031780434782608664
2024-07,0.00310375
2024-08,0.0030706884057970997
2024-09,0.0029563257575757583
2024-10,0.002861428571428567
2024-11,0.0026388405797101422
2024-12,0.0025056349206349165
2025-01,0.0023467424242424252
2025-02,0.0022526086956666668
2025-03,0.002104125
2025-04,0.002035357142833333
2025-05,0.0018734848485
2025-06,0.0017427272727499998
2025-07,0.001653015873
2025-08,0.0016552898550833332
2025-09,0.00168424603175
2025-10,0.0016893939394166668
2025-11,0.0016953623188333334
2025-12,0.001701375
2026-01,0.0017048188405833335
2026-02,0.00168977272725
2026-03,0.00168977272725
2026-04,0.00168977272725
2026-05,0.00168977272725
2026-06,0.00168977272725
2026-07,0.00168977272725
2026-08,0.00168977272725
