,EURUSD
1999-02,-0.03306657286078629
1999-03,-0.01700773078672113
1999-04,-0.022575869726128794
1999-05,-0.013441878076486224
1999-06,-0.010746497793129972
1999-07,0.0372453928225025
1999-08,-0.010566672900691798
1999-09,0.00585955958794071
1999-10,-0.011744808794512784
1999-11,-0.04192812321734174
1999-12,-0.0006946511858689774
2000-01,-0.031082423038728768
2000-02,-0.011683919237470475
2000-03,-0.007155449548895576
2000-04,-0.05065803217046161
2000-05,0.02629552205963237
2000-06,0.023263293310463284
2000-07,-0.029229963331587228
2000-08,-0.04187351608029344
2000-09,-0.004618157242622156
2000-10,-0.039719361774357864
2000-11,0.024510959226961893
2000-12,0.0798251667816885
2001-01,-0.008521516829995801
2001-02,-0.010313708637730956
2001-03,-0.04537559704732963
2001-04,0.009097111667045743
2001-05,-0.04721658778453908
2001-06,0.0022471910112360494
2001-07,0.032806230823695826
2001-08,0.03861974405850099
2001-09,0.000990099009900991
2001-10,-0.011649631827673423
2001-11,-0.003891915934615797
2001-12,-0.006363027461486981
2002-01,-0.03449050668464215
2002-02,0.007447056085641002
2002-03,0.006814506814506904
2002-04,0.032694734426981675
2002-05,0.037436125305487566
2002-06,0.05535924617196719
2002-07,-0.006087662337662336
2002-08,0.0010208248264598208
2002-09,0.007444421782581978
2002-10,0.00020244964065185833
2002-11,0.005161420908814884
2002-12,0.05567861457913814
2003-01,0.024225083452551255
2003-02,0.0037247415960517394
2003-03,0.011225531125336197
2003-04,0.025688073394495525
2003-05,0.05241502683363142
2003-06,-0.02243753187149433
2003-07,-0.02356111980525122
2003-08,-0.021814620247529115
2003-09,0.06044056071363557
2003-10,-0.0035193133047209946
2003-11,0.03325006460504776
2003-12,0.05018757815756558
2004-01,-0.009687657917752945
2004-02,0.002086536528157268
2004-03,-0.014492430049589777
2004-04,-0.026805784551873435
2004-05,0.018030015073593253
2004-06,-0.0012304981387152303
2004-07,-0.013782473190092737
2004-08,0.0134811260069152
2004-09,0.021013377177032666
2004-10,0.028794722017451146
2004-11,0.0395616758217181
2004-12,0.020076265695353923
2005-01,-0.03782456132333767
2005-02,0.01264874408094796
2005-03,-0.018918769977351424
2005-04,-0.007017430314320783
2005-05,-0.044111860640076106
2005-06,-0.01762870477045564
2005-07,0.0027278775519379295
2005-08,0.017894365898053488
2005-09,-0.02535512730257028
2005-10,-0.0032490047680547862
2005-11,-0.015346506743460386
2005-12,0.003055014290999969
2006-01,0.025961269060098546
2006-02,-0.017978557652924776
2006-03,0.015507244711418178
2006-04,0.04300030030987423
2006-05,0.014251440186697106
2006-06,-0.0025821084440899034
2006-07,-0.0007025924486325774
2006-08,0.002741047873149549
2006-09,-0.011471773521816941
2006-10,0.008285759422345773
2006-11,0.03791114376678317
2006-12,-0.003999012211956976
2007-01,-0.01325743975884297
2007-02,0.01580857220585341
2007-03,0.009832194864712429
2007-04,0.02193885650490124
2007-05,-0.014357614501552152
2007-06,0.005942279930774452
2007-07,0.010049027594424498
2007-08,-0.002196455032659972
2007-09,0.04566206654046079
2007-10,0.014515444178224257
2007-11,0.015474813189637393
2007-12,-0.006453761722746587
2008-01,0.018075913956301592
2008-02,0.02199806619043443
2008-03,0.03725181646321918
2008-04,-0.008623443714310564
2008-05,-0.005190563843225582
2008-06,0.013450468104671431
2008-07,-0.009963994289767242
2008-08,-0.05913851735409836
2008-09,-0.03915983829843317
2008-10,-0.09892291999261904
2008-11,-0.0003174043941268634
2008-12,0.10096326487695273
2009-01,-0.0817586583708777
2009-02,-0.012311263143974904
2009-03,0.044801176848997315
2009-04,-0.0008867604877380586
2009-05,0.06965293595030464
2009-06,-0.008353187390923389
2009-07,0.015757400783331432
2009-08,0.0057944219931560514
2009-09,0.021777403131843398
2009-10,0.005318573040453911
2009-11,0.020768745974057312
2009-12,-0.04733652483523154
2010-01,-0.03211590087472482
2010-02,-0.017011498719183726
2010-03,-0.009023361759776805
2010-04,-0.015545437914220916
2010-05,-0.07596368406086773
2010-06,-0.0047084636025402915
2010-07,0.06614679948031466
2010-08,-0.02861242362112093
2010-09,0.07596283312875185
2010-10,0.011008702116077629
2010-11,-0.048930000166985343
2010-12,0.015056988160243145
2011-01,0.02041346015189438
2011-02,0.011907704203904412
2011-03,0.02817190281142712
2011-04,0.05118241848634031
2011-05,-0.035147075156702456
2011-06,0.010931588367605327
2011-07,-0.010147059247302637
2011-08,0.007057825795728112
2011-09,-0.05870445778835642
2011-10,0.04079414311381013
2011-11,-0.05770669807795814
2011-12,-0.02762228818470258
2012-01,0.014164464165361323
2012-02,0.025756493513268364
2012-03,-0.012182204326772528
2012-04,-0.005429053143548357
2012-05,-0.06546213128148914
2012-06,0.005349565576587834
2012-07,-0.014588660150622101
2012-08,0.020517918330507312
2012-09,0.032153962151104665
2012-10,0.0038239920490359403
2012-11,0.0008432179307731325
2012-12,0.019590206330264648
2013-01,0.025752715639576707
2013-02,-0.03076011782168009
2013-03,-0.025478079985960633
2013-04,0.021843931864948152
2013-05,-0.003965371046929178
2013-06,-0.0006126826589879508
2013-07,0.01756269284381573
2013-08,-0.0021574685103689095
2013-09,0.019581954549720226
2013-10,0.01693544597330998
2013-11,-0.008747421831942326
2013-12,0.01514962981397372
2014-01,-0.018195872751293418
2014-02,0.010965963276868163
2014-03,0.003259253023421005
2014-04,0.004475680046434949
2014-05,-0.015141930844936646
2014-06,0.002933590482895765
2014-07,-0.018205147157370094
2014-08,-0.015756043968169875
2014-09,-0.037476046181199596
2014-10,-0.00610491584183015
2014-11,-0.01200082602020347
2014-12,-0.024068680363149464
2015-01,-0.06795667432673036
2015-02,-0.011485491620370825
2015-03,-0.033476358596377875
2015-04,0.026229850318142844
2015-05,-0.013853897662958525
2015-06,0.023961073737324146
2015-07,-0.025280559035114614
2015-08,0.025119372815548546
2015-09,0.0037369999886254224
2015-10,-0.023285019908040105
2015-11,-0.03736864453828459
2015-12,0.03316283456520552
2016-01,0.00027343828362735856
2016-02,-0.0011907881284364263
2016-03,0.03759705035241878
2016-04,0.001873751472150742
2016-05,-0.01827217553952787
2016-06,-0.001825073329602911
2016-07,-0.0039238833686756625
2016-08,0.006212347777905913
2016-09,0.005946438763491324
2016-10,-0.020936806544651243
2016-11,-0.030603807759529533
2016-12,-0.006873808228127887
2017-01,0.012603928982791723
2017-02,-0.011610913664389266
2017-03,0.009714583633911866
2017-04,0.0165788693454052
2017-05,0.028297834169721092
2017-06,0.024164780627200066
2017-07,0.026713308571101102
2017-08,0.012440504658707274
2017-09,-0.009390057227990689
2017-10,-0.010953479684622014
2017-11,0.017102411090500702
2017-12,0.007570981471654248
2018-01,0.03917705953734307
2018-02,-0.014444041622694082
2018-03,0.005929994696641794
2018-04,-0.014632315721830325
2018-05,-0.03758012422604562
2018-06,-0.00893820591570682
2018-07,0.012491805174974724
2018-08,-0.0036510962452878104
2018-09,-0.002339083512169493
2018-10,-0.02500742408862977
2018-11,0.004090138542542698
2018-12,0.004141176913752265
2019-01,0.004170052441915928
2019-02,-0.009354498606346295
2019-03,-0.013195347563137672
2019-04,-0.003993024944622947
2019-05,-0.00483096163825536
2019-06,0.021722342091546443
2019-07,-0.018901681967524175
2019-08,-0.008606101696508772
2019-09,-0.010778674647613173
2019-10,0.01935308724500273
2019-11,-0.012795573483306288
2019-12,0.01730293423373741
2020-01,-0.015458380652554005
2020-02,-0.0028922698389726165
2020-03,0.0030223918455907217
2020-04,-0.013890266816498742
2020-05,0.01855751203435929
2020-06,0.015172436500055397
2020-07,0.055574039063949865
2020-08,0.0038734155430035777
2020-09,-0.014783233619181102
2020-10,-0.005395562574657786
2020-11,0.025068287604115724
2020-12,0.027434906176209584
2021-01,-0.014622838501745616
2021-02,0.0033319484639753316
2021-03,-0.03592114421276549
2021-04,0.03441669262976199
2021-05,0.0051929913686719065
2021-06,-0.02363724198764494
2021-07,-0.0007503960562741385
2021-08,-0.008079731619156871
2021-09,-0.01655544115422447
2021-10,0.007068545844388208
2021-11,-0.033394718720822225
2021-12,0.0027972405907688014
2022-01,-0.015245277902746879
2022-02,0.00257159318417699
2022-03,-0.001718882805073485
2022-04,-0.05891804811717671
2022-05,0.025640967442438933
2022-06,-0.03034733056708161
2022-07,-0.02433929657948275
2022-08,-0.01641098276070785
2022-09,-0.019501804597395034
2022-10,0.012762216199637466
2022-11,0.03711670945566525
2022-12,0.03256851720010734
2023-01,0.01781683948183188
2023-02,-0.022071314015412957
2023-03,0.027654200655992334
2023-04,0.011682995202068058
2023-05,-0.027100976156842038
2023-06,0.012574260977696428
2023-07,0.014375605203776232
2023-08,-0.008319579645933994
2023-09,-0.03385267615938925
2023-10,0.0049784288024075085
2023-11,0.03378794428053933
2023-12,0.00861113848030337
2024-01,-0.020309710456115182
2024-02,-0.00042270849395620314
2024-03,-0.004091172951757427
2024-04,-0.007297356395208898
2024-05,0.011171342872863699
2024-06,-0.01171507341352862
2024-07,0.01004807123921192
2024-08,0.02444347234855604
2024-09,0.008064693991657101
2024-10,-0.02781037618250748
2024-11,-0.027273658385092436
2024-12,-0.014849630296897787
2025-01,-0.0008526444177222592
2025-02,-0.00020786826678220738
2025-03,0.0412499597192999
2025-04,0.05223123212851788
2025-05,-0.0009558294185706417
2025-06,0.030678980152069046
2025-07,-0.025418845317620398
2025-08,0.02206643596681479
2025-09,0.004270245243414239
2025-10,-0.013551300633834917
2025-11,0.002366371646228105
2025-12,0.01271054453546383
2026-01,0.018594745484300734
2026-02,-0.013597099381105981
2026-03,-0.029062629404813634
2026-04,0.019607008921345592
2026-05,-0.002726835796188043
2026-06,-0.019805814953060885
2026-07,0.00888472113723271
2026-08,0.0056785019480409815
