,TBILL
1960-02,0.003626666665077209
1960-03,0.0033035087794588327
1960-04,0.0027623188582019532
1960-05,0.00268791663646698
1960-06,0.002740872994301811
1960-07,0.002046969695524736
1960-08,0.0019141666491826375
1960-09,0.0019141304492950439
1960-10,0.002065873013602363
1960-11,0.0019187499682108563
1960-12,0.001975000019659076
1961-01,0.0018746031749816167
1961-02,0.001869047624724252
1961-03,0.0020134259153295445
1961-04,0.001988636354605357
1961-05,0.001907499998807907
1961-06,0.0019019841296332221
1961-07,0.0019454545143878822
1961-08,0.0018641666769981383
1961-09,0.0019934782515401424
1961-10,0.0019016666412353517
1961-11,0.0019154761518750873
1961-12,0.0020633333126703897
1962-01,0.0021691666444142656
1962-02,0.002266287902990977
1962-03,0.0022773148285018074
1962-04,0.002269318203131358
1962-05,0.0022745833496252694
1962-06,0.002237500051657359
1962-07,0.0022734127252820938
1962-08,0.002434920659140935
1962-09,0.002352536173834317
1962-10,0.00231315787424121
1962-11,0.002284469703833262
1962-12,0.0023587718658279956
1963-01,0.002388333310683568
1963-02,0.0024234849124243766
1963-03,0.0024342593109166182
1963-04,0.002410714342480614
1963-05,0.00241468262104761
1963-06,0.002437500059604645
1963-07,0.0024904166758060457
1963-08,0.0026469697193665935
1963-09,0.002768560602809444
1963-10,0.0028137499888737996
1963-11,0.00287463771260303
1963-12,0.0029328431218278174
1964-01,0.002932539667401995
1964-02,0.0029359848300615945
1964-03,0.0029421296053462557
1964-04,0.0029531745683579213
1964-05,0.0028928030530611677
1964-06,0.0028958333532015483
1964-07,0.002896212140719096
1964-08,0.0028837121526400244
1964-09,0.002913888891537984
1964-10,0.002943253942898342
1964-11,0.0029765872444425315
1964-12,0.0030361110523894983
1965-01,0.0031958332657814024
1965-02,0.00317249995470047
1965-03,0.003275463018152449
1965-04,0.0032746377371359564
1965-05,0.0032722222805023193
1965-06,0.003241666744152705
1965-07,0.0031704545111367194
1965-08,0.003196031687751649
1965-09,0.003202272662610719
1965-10,0.0032698413209309653
1965-11,0.0033550000389417013
1965-12,0.003406578971628557
1966-01,0.0036522727121006356
1966-02,0.0038222222479562915
1966-03,0.0038763157526652014
1966-04,0.0038221015100893766
1966-05,0.003848333319028219
1966-06,0.0038642857188270208
1966-07,0.0037496212034514452
1966-08,0.003997916638851166
1966-09,0.004133333365122478
1966-10,0.004473015883612255
1966-11,0.004455416659514109
1966-12,0.004432894723457203
1967-01,0.004137301634228418
1967-02,0.003933333328792027
1967-03,0.003800925921510767
1967-04,0.003549242417017619
1967-05,0.0031979166666666666
1967-06,0.003002651541522055
1967-07,0.002946590916676955
1967-08,0.003504583299160004
1967-09,0.0035547101152115976
1967-10,0.0036870833436648057
1967-11,0.0037980158934517506
1967-12,0.0039391666650772095
1968-01,0.0041408333381017055
1968-02,0.004163257606101758
1968-03,0.004149122844662583
1968-04,0.004304761943363008
1968-05,0.004480833371480306
1968-06,0.004713257623441291
1968-07,0.004604901940214868
1968-08,0.004428921563952577
1968-09,0.004233333335982428
1968-10,0.004329411726371915
1968-11,0.0044546296861436635
1968-12,0.004544607845007205
1969-01,0.004976851873927646
1969-02,0.005116666699900772
1969-03,0.00510490195423949
1969-04,0.005013749976952871
1969-05,0.00509484124562097
1969-06,0.005035317492863488
1969-07,0.005365873026469397
1969-08,0.0058337301488906625
1969-09,0.005818253944790553
1969-10,0.005908333309113033
1969-11,0.00583219694368767
1969-12,0.006034313744189692
1970-01,0.0065143939581784336
1970-02,0.006556746032502916
1970-03,0.005939814801569338
1970-04,0.005521825419531928
1970-05,0.005427272735220013
1970-06,0.005698412694628276
1970-07,0.00556363633184722
1970-08,0.00537500003973643
1970-09,0.0053424603220016235
1970-10,0.005103968268349058
1970-11,0.004922222296396891
1970-12,0.004401851804168136
1971-01,0.004054545471162507
1971-02,0.0036958333055178328
1971-03,0.003079166699338842
1971-04,0.002814492730126865
1971-05,0.0032178571489122182
1971-06,0.003452499985694885
1971-07,0.003961363633473714
1971-08,0.00450039683826386
1971-09,0.004112878803050879
1971-10,0.003909126974287487
1971-11,0.0037171052840718048
1971-12,0.0035145833293596905
1972-01,0.0033412878802328403
1972-02,0.002820238092589
1972-03,0.002664166659116745
1972-04,0.0031079545346173374
1972-05,0.003087916642427444
1972-06,0.0030731060378479235
1972-07,0.0032613636237202267
1972-08,0.0033191666901111598
1972-09,0.0033485507187636
1972-10,0.003883749961853028
1972-11,0.003949166655540467
1972-12,0.003982916673024496
1973-01,0.00422368423980579
1973-02,0.0044936507845681805
1973-03,0.0046662037460892284
1973-04,0.005078030318924874
1973-05,0.005219166696071625
1973-06,0.005298484888943759
1973-07,0.0059876983695560035
1973-08,0.006674603129190111
1973-09,0.007227898542431818
1973-10,0.006904385968258507
1973-11,0.006014682546494499
1973-12,0.006527083377043406
1974-01,0.006210964897222685
1974-02,0.006475000002167441
1974-03,0.005936111123473556
1974-04,0.006634523773950244
1974-05,0.00694563489111643
1974-06,0.006854924198352929
1974-07,0.0065850000182787576
1974-08,0.006289015177524451
1974-09,0.007465151566447634
1974-10,0.006718333284060161
1974-11,0.006217424273490906
1974-12,0.006228703701937641
1975-01,0.00595952378378974
1975-02,0.005213636358579
1975-03,0.004583333289181744
1975-04,0.004577500005563099
1975-05,0.004675757577925017
1975-06,0.004355952361273388
1975-07,0.00445198411033267
1975-08,0.005111363674655105
1975-09,0.005368253957657588
1975-10,0.005349206318930974
1975-11,0.00496401512261593
1975-12,0.004563235301597446
1976-01,0.004535984848484849
1976-02,0.004057142810216026
1976-03,0.00406759262084961
1976-04,0.0041673912863800485
1976-05,0.004047222250983828
1976-06,0.004335833291212718
1976-07,0.004506439385992108
1976-08,0.0043583333303057956
1976-09,0.0042856060555486976
1976-10,0.00423611113003322
1976-11,0.004098750015099843
1976-12,0.003960526324155038
1977-01,0.003621969728758841
1977-02,0.003848015864690145
1977-03,0.003887719292389719
1977-04,0.0038355072684909987
1977-05,0.003779583354791005
1977-06,0.004130158727131192
1977-07,0.004180303035360394
1977-08,0.004321491174530565
1977-09,0.004575724688129149
1977-10,0.004840476191233075
1977-11,0.005133333365122477
1977-12,0.00508728071262962
1978-01,0.0050543651315901016
1978-02,0.005367063454219274
1978-03,0.005371296273337469
1978-04,0.005244696971141931
1978-05,0.005238333324591318
1978-06,0.005340079371891324
1978-07,0.005611742463978854
1978-08,0.005839583337306976
1978-09,0.0058981884044149654
1978-10,0.0065375000039736425
1978-11,0.00665912698185633
1978-12,0.007202916681766511
1979-01,0.00756374994913737
1979-02,0.007791287899017334
1979-03,0.007769907448026869
1979-04,0.007898484938072436
1979-05,0.007883750041325887
1979-06,0.008009523853423102
1979-07,0.007546031739976672
1979-08,0.007699603201851012
1979-09,0.00793369566184887
1979-10,0.008553070185477274
1979-11,0.009751136375196054
1979-12,0.009827193000860381
1980-01,0.01002958337465922
1980-02,0.009998484849929809
1980-03,0.010713596511305426
1980-04,0.012667460328056698
1980-05,0.011002777795943003
1980-06,0.007147619061999851
1980-07,0.005895238055123223
1980-08,0.006713636427214652
1980-09,0.007608333315168108
1980-10,0.008559523801954965
1980-11,0.009683712179010566
1980-12,0.01144019599054374
1981-01,0.012911742383783514
1981-02,0.012518253969767737
1981-03,0.012323148162276656
1981-04,0.011132196982701618
1981-05,0.011410317458803693
1981-06,0.013587083458900452
1981-07,0.012278409040335453
1981-08,0.012455303054867368
1981-09,0.012921825401366703
1981-10,0.0122539682615371
1981-11,0.01128611106721182
1981-12,0.009047685155162105
1982-01,0.009038257598876954
1982-02,0.010230416854222615
1982-03,0.011234259208043417
1982-04,0.010564855077992314
1982-05,0.01058611109143212
1982-06,0.010073333223660788
1982-07,0.010388257575757577
1982-08,0.009457539679512144
1982-09,0.00723295459241578
1982-10,0.006600396822369288
1982-11,0.0064254166881243385
1982-12,0.006721929813686169
1983-01,0.006614015174634529
1983-02,0.0065468254354265
1983-03,0.006761403439337747
1983-04,0.006957246393397235
1983-05,0.006843333363533021
1983-06,0.006826587347757249
1983-07,0.007326893878705575
1983-08,0.007567083358764649
1983-09,0.007786231904790021
1983-10,0.007496031768738277
1983-11,0.007195833404858906
1983-12,0.00730350887566282
1984-01,0.007496825399852935
1984-02,0.007419444417196607
1984-03,0.007573245701036954
1984-04,0.007930681849970962
1984-05,0.008078333338101705
1984-06,0.008195075772025369
1984-07,0.008223412755935912
1984-08,0.008429365044548397
1984-09,0.008722101398136306
1984-10,0.008648684233949896
1984-11,0.008113636320287531
1984-12,0.007173684228930557
1985-01,0.00671416668097178
1985-02,0.006463492030189151
1985-03,0.006887499977041175
1985-04,0.00709722223735991
1985-05,0.006622222226763529
1985-06,0.006232954516555324
1985-07,0.0057949999769528705
1985-08,0.005902272733775052
1985-09,0.00594583334344806
1985-10,0.005916228085233454
1985-11,0.005967803001403808
1985-12,0.006031140319088049
1986-01,0.005916269904091245
1986-02,0.005894841239565895
1986-03,0.005886842137888859
1986-04,0.005467083334922791
1986-05,0.005046969688299931
1986-06,0.005125000022706531
1986-07,0.005174206400674486
1986-08,0.004857196934295423
1986-09,0.0046059523877643406
1986-10,0.0043412698072100445
1986-11,0.004316287853501059
1986-12,0.0044578704127558955
1987-01,0.004606818195545312
1987-02,0.004522499998410543
1987-03,0.004661403476146229
1987-04,0.004659848502188017
1987-05,0.004696825421045697
1987-06,0.004716666718324026
1987-07,0.004723484859322056
1987-08,0.004743560642907113
1987-09,0.005030158701397123
1987-10,0.0053317460559663315
1987-11,0.005111111099757846
1987-12,0.004745614005808244
1988-01,0.004806439370820016
1988-02,0.004844736843778376
1988-03,0.004717083315054576
1988-04,0.004752536182818206
1988-05,0.0049224999944368995
1988-06,0.005214285699148027
1988-07,0.005382954514387883
1988-08,0.005607083320617676
1988-09,0.005885507265726726
1988-10,0.006032936535184345
1988-11,0.0061237500111262005
1988-12,0.0064666666587193805
1989-01,0.006722619060486081
1989-02,0.006888333360354105
1989-03,0.007108771842822694
1989-04,0.007346212069193523
1989-05,0.007205833355585734
1989-06,0.007027651468912761
1989-07,0.00679280299128908
1989-08,0.006569166700045269
1989-09,0.006582971033842667
1989-10,0.006458750049273172
1989-11,0.0063662698723021
1989-12,0.00640634918969775
1990-01,0.0063583333333333
1990-02,0.0063666666666666
1990-03,0.00645
1990-04,0.0065833333333333
1990-05,0.0064749999999999
1990-06,0.00645
1990-07,0.0064416666666666
1990-08,0.00635
1990-09,0.0062083333333333
1990-10,0.0061333333333333
1990-11,0.005975
1990-12,0.0058833333333333
1991-01,0.0056166666666666
1991-02,0.0051833333333333
1991-03,0.00495
1991-04,0.004925
1991-05,0.0047083333333333
1991-06,0.00455
1991-07,0.0046416666666666
1991-08,0.00465
1991-09,0.0044416666666666
1991-10,0.00435
1991-11,0.0041583333333333
1991-12,0.0037999999999999
1992-01,0.0033916666666666
1992-02,0.0031666666666666
1992-03,0.0031999999999999
1992-04,0.0033666666666666
1992-05,0.0031249999999999
1992-06,0.003025
1992-07,0.00305
1992-08,0.002675
1992-09,0.0026083333333333
1992-10,0.002425
1992-11,0.0023833333333333
1992-12,0.0026083333333333
1993-01,0.0026833333333333
1993-02,0.0025
1993-03,0.0024416666666666
1993-04,0.0024583333333333
1993-05,0.0023916666666666
1993-06,0.0024666666666666
1993-07,0.0025583333333333
1993-08,0.0025333333333333
1993-09,0.0025166666666666
1993-10,0.0024583333333333
1993-11,0.0025166666666666
1993-12,0.0025833333333333
1994-01,0.00255
1994-02,0.0024833333333333
1994-03,0.0027083333333333
1994-04,0.0029166666666666
1994-05,0.0030666666666666
1994-06,0.00345
1994-07,0.00345
1994-08,0.0036083333333333
1994-09,0.0037333333333333
1994-10,0.0038499999999999
1994-11,0.004125
1994-12,0.0044083333333333
1995-01,0.0046666666666666
1995-02,0.0047583333333333
1995-03,0.0048083333333333
1995-04,0.004775
1995-05,0.0047083333333333
1995-06,0.004725
1995-07,0.0045583333333333
1995-08,0.0045166666666666
1995-09,0.0045
1995-10,0.0044
1995-11,0.0044
1995-12,0.0044666666666666
1996-01,0.0042833333333333
1996-02,0.0041666666666666
1996-03,0.004025
1996-04,0.0041333333333333
1996-05,0.004125
1996-06,0.0041833333333333
1996-07,0.0042416666666666
1996-08,0.0042916666666666
1996-09,0.0042083333333333
1996-10,0.0042416666666666
1996-11,0.0041583333333333
1996-12,0.0041916666666666
1997-01,0.0040916666666666
1997-02,0.0041916666666666
1997-03,0.004175
1997-04,0.0042833333333333
1997-05,0.0043
1997-06,0.0042083333333333
1997-07,0.0041083333333333
1997-08,0.0042083333333333
1997-09,0.0042833333333333
1997-10,0.004125
1997-11,0.0041416666666666
1997-12,0.0042833333333333
1998-01,0.0043
1998-02,0.0042
1998-03,0.0042416666666666
1998-04,0.0041916666666666
1998-05,0.004125
1998-06,0.0041666666666666
1998-07,0.00415
1998-08,0.0041333333333333
1998-09,0.0040833333333333
1998-10,0.0038416666666666
1998-11,0.0032999999999999
1998-12,0.003675
1999-01,0.0036583333333333
1999-02,0.0036166666666666
1999-03,0.0037
1999-04,0.0037
1999-05,0.003575
1999-06,0.00375
1999-07,0.0038083333333333
1999-08,0.0037916666666666
1999-09,0.0039333333333333
1999-10,0.0038999999999999
1999-11,0.00405
1999-12,0.004225
2000-01,0.0043333333333333
2000-02,0.0044333333333333
2000-03,0.004625
2000-04,0.0047416666666666
2000-05,0.0047166666666666
2000-06,0.004825
2000-07,0.0047416666666666
2000-08,0.0049666666666666
2000-09,0.005075
2000-10,0.005
2000-11,0.0050916666666666
2000-12,0.0051416666666666
2001-01,0.0048083333333333
2001-02,0.0042916666666666
2001-03,0.0040666666666666
2001-04,0.0036833333333333
2001-05,0.003225
2001-06,0.0030166666666666
2001-07,0.0029083333333333
2001-08,0.002925
2001-09,0.0028
2001-10,0.0022
2001-11,0.0018
2001-12,0.0015583333333333
2002-01,0.0014083333333333
2002-02,0.001375
2002-03,0.0014333333333333
2002-04,0.0014916666666666
2002-05,0.001425
2002-06,0.0014416666666666
2002-07,0.0014166666666666
2002-08,0.0014
2002-09,0.00135
2002-10,0.0013583333333333
2002-11,0.0013166666666666
2002-12,0.001025
2003-01,0.0009916666666666
2003-02,0.0009749999999999
2003-03,0.0009749999999999
2003-04,0.0009416666666666
2003-05,0.0009416666666666
2003-06,0.0008916666666666
2003-07,0.0007666666666666
2003-08,0.00075
2003-09,0.0007916666666666
2003-10,0.0007833333333333
2003-11,0.0007666666666666
2003-12,0.000775
2004-01,0.00075
2004-02,0.0007333333333333
2004-03,0.000775
2004-04,0.0007833333333333
2004-05,0.0007833333333333
2004-06,0.00085
2004-07,0.0010583333333333
2004-08,0.0011083333333333
2004-09,0.0012333333333333
2004-10,0.001375
2004-11,0.0014666666666666
2004-12,0.001725
2005-01,0.001825
2005-02,0.0019416666666666
2005-03,0.0021166666666666
2005-04,0.0022833333333333
2005-05,0.0023166666666666
2005-06,0.0023666666666666
2005-07,0.002475
2005-08,0.0026833333333333
2005-09,0.0028666666666666
2005-10,0.00285
2005-11,0.0030916666666666
2005-12,0.0032333333333333
2006-01,0.0032416666666666
2006-02,0.0035333333333333
2006-03,0.0036916666666666
2006-04,0.0037583333333333
2006-05,0.0038333333333333
2006-06,0.0039333333333333
2006-07,0.0039916666666666
2006-08,0.004125
2006-09,0.0041333333333333
2006-10,0.0040083333333333
2006-11,0.0041
2006-12,0.0041166666666666
2007-01,0.0040416666666666
2007-02,0.00415
2007-03,0.0041916666666666
2007-04,0.0041166666666666
2007-05,0.0040583333333333
2007-06,0.0039416666666666
2007-07,0.0038416666666666
2007-08,0.0040166666666666
2007-09,0.0035
2007-10,0.0032416666666666
2007-11,0.00325
2007-12,0.002725
2008-01,0.0025
2008-02,0.0022916666666666
2008-03,0.0017666666666666
2008-04,0.00105
2008-05,0.001075
2008-06,0.0014416666666666
2008-07,0.00155
2008-08,0.0013583333333333
2008-09,0.0014333333333333
2008-10,0.0009416666666666
2008-11,0.0005583333333333
2008-12,0.0001583333333333
2009-01,2.5e-05
2009-02,0.0001083333333333
2009-03,0.00025
2009-04,0.000175
2009-05,0.0001333333333333
2009-06,0.00015
2009-07,0.00015
2009-08,0.00015
2009-09,0.0001416666666666
2009-10,0.0001
2009-11,5.833333333333334e-05
2009-12,4.1666666666666665e-05
2010-01,4.1666666666666665e-05
2010-02,5e-05
2010-03,9.166666666666668e-05
2010-04,0.000125
2010-05,0.0001333333333333
2010-06,0.0001333333333333
2010-07,0.0001
2010-08,0.0001333333333333
2010-09,0.0001333333333333
2010-10,0.000125
2010-11,0.0001083333333333
2010-12,0.0001166666666666
2011-01,0.0001166666666666
2011-02,0.000125
2011-03,0.0001083333333333
2011-04,8.333333333333333e-05
2011-05,5e-05
2011-06,3.3333333333333335e-05
2011-07,3.3333333333333335e-05
2011-08,3.3333333333333335e-05
2011-09,1.6666666666666667e-05
2011-10,8.333333333333334e-06
2011-11,1.6666666666666667e-05
2011-12,8.333333333333334e-06
2012-01,8.333333333333334e-06
2012-02,2.5e-05
2012-03,7.5e-05
2012-04,6.666666666666667e-05
2012-05,6.666666666666667e-05
2012-06,7.5e-05
2012-07,7.5e-05
2012-08,8.333333333333333e-05
2012-09,8.333333333333333e-05
2012-10,9.166666666666668e-05
2012-11,8.333333333333333e-05
2012-12,7.5e-05
2013-01,5.833333333333334e-05
2013-02,5.833333333333334e-05
2013-03,8.333333333333333e-05
2013-04,7.5e-05
2013-05,5e-05
2013-06,3.3333333333333335e-05
2013-07,4.1666666666666665e-05
2013-08,3.3333333333333335e-05
2013-09,3.3333333333333335e-05
2013-10,1.6666666666666667e-05
2013-11,4.1666666666666665e-05
2013-12,5.833333333333334e-05
2014-01,5.833333333333334e-05
2014-02,3.3333333333333335e-05
2014-03,4.1666666666666665e-05
2014-04,4.1666666666666665e-05
2014-05,2.5e-05
2014-06,2.5e-05
2014-07,3.3333333333333335e-05
2014-08,2.5e-05
2014-09,2.5e-05
2014-10,1.6666666666666667e-05
2014-11,1.6666666666666667e-05
2014-12,1.6666666666666667e-05
2015-01,2.5e-05
2015-02,2.5e-05
2015-03,1.6666666666666667e-05
2015-04,2.5e-05
2015-05,1.6666666666666667e-05
2015-06,1.6666666666666667e-05
2015-07,1.6666666666666667e-05
2015-08,2.5e-05
2015-09,5.833333333333334e-05
2015-10,1.6666666666666667e-05
2015-11,1.6666666666666667e-05
2015-12,0.0001
2016-01,0.0001916666666666
2016-02,0.0002166666666666
2016-03,0.0002583333333333
2016-04,0.0002416666666666
2016-05,0.0001916666666666
2016-06,0.000225
2016-07,0.000225
2016-08,0.00025
2016-09,0.00025
2016-10,0.0002416666666666
2016-11,0.000275
2016-12,0.000375
2017-01,0.000425
2017-02,0.000425
2017-03,0.0004333333333333
2017-04,0.0006166666666666
2017-05,0.0006666666666666
2017-06,0.0007416666666666
2017-07,0.0008166666666666
2017-08,0.0008916666666666
2017-09,0.0008416666666666
2017-10,0.0008583333333333
2017-11,0.0008916666666666
2017-12,0.001025
2018-01,0.0011
2018-02,0.001175
2018-03,0.0013083333333333
2018-04,0.0014166666666666
2018-05,0.0014666666666666
2018-06,0.00155
2018-07,0.0015833333333333
2018-08,0.0016333333333333
2018-09,0.0016916666666666
2018-10,0.0017749999999999
2018-11,0.001875
2018-12,0.0019416666666666
2019-01,0.001975
2019-02,0.001975
2019-03,0.0019916666666666
2019-04,0.002
2019-05,0.0019833333333333
2019-06,0.0019583333333333
2019-07,0.0018083333333333
2019-08,0.00175
2019-09,0.001625
2019-10,0.001575
2019-11,0.001375
2019-12,0.0012833333333333
2020-01,0.0012833333333333
2020-02,0.0012666666666666
2020-03,0.0012666666666666
2020-04,0.0002416666666666
2020-05,0.0001166666666666
2020-06,0.0001083333333333
2020-07,0.0001333333333333
2020-08,0.0001083333333333
2020-09,8.333333333333333e-05
2020-10,9.166666666666668e-05
2020-11,8.333333333333333e-05
2020-12,7.5e-05
2021-01,7.5e-05
2021-02,6.666666666666667e-05
2021-03,3.3333333333333335e-05
2021-04,2.5e-05
2021-05,1.6666666666666667e-05
2021-06,1.6666666666666667e-05
2021-07,3.3333333333333335e-05
2021-08,4.1666666666666665e-05
2021-09,4.1666666666666665e-05
2021-10,3.3333333333333335e-05
2021-11,4.1666666666666665e-05
2021-12,4.1666666666666665e-05
2022-01,5e-05
2022-02,0.000125
2022-03,0.000275
2022-04,0.0003666666666666
2022-05,0.0006333333333333
2022-06,0.0008166666666666
2022-07,0.0012416666666666
2022-08,0.0018583333333333
2022-09,0.0021916666666666
2022-10,0.0026083333333333
2022-11,0.0031
2022-12,0.0034583333333333
2023-01,0.0035416666666666
2023-02,0.0037833333333333
2023-03,0.003875
2023-04,0.0039083333333333
2023-05,0.0041
2023-06,0.0042833333333333
2023-07,0.0043
2023-08,0.0043749999999999
2023-09,0.0044166666666666
2023-10,0.0044333333333333
2023-11,0.00445
2023-12,0.0043916666666666
2024-01,0.0043666666666666
2024-02,0.00435
2024-03,0.0043666666666666
2024-04,0.0043666666666666
2024-05,0.0043666666666666
2024-06,0.0043749999999999
2024-07,0.0043666666666666
2024-08,0.0043333333333333
2024-09,0.0042083333333333
2024-10,0.0039333333333333
2024-11,0.0037583333333333
2024-12,0.0036833333333333
2025-01,0.0035583333333333
2025-02,0.0035083333333333
2025-03,0.0035166666666666
2025-04,0.0035
2025-05,0.0035083333333333
2025-06,0.0035416666666666
2025-07,0.003525
2025-08,0.0035416666666666
2025-09,0.0034333333333333
2025-10,0.0032666666666666
2025-11,0.0031833333333333
2025-12,0.00315
2026-01,0.0029916666666666
2026-02,0.0029749999999999
2026-03,0.003
2026-04,0.0030083333333333
2026-05,0.0030083333333333
2026-06,0.003
2026-07,0.00305
2026-08,0.0031083333333333
