id,name,start,end,months,cagr,vol,sharpe,sortino,max_dd,max_dd_peak,max_dd_trough,max_dd_recovery,ulcer,best_year,worst_year,pct_pos_months,calmar,roll5_min,roll5_median,roll10_min,roll10_median
spy,S&P 500 (référence),1993-02,2026-08,403,0.10851453123596677,0.14742529377632277,0.6954530292347489,1.0540628244013015,-0.5078480579058833,2007-10,2009-02,2012-03,0.1399728224477355,0.38049059015295406,-0.36795024631491335,0.652605459057072,0.2136751919135569,-0.06670037342378876,0.1140488671702965,-0.03449216271808353,0.08793598657823665
6040,60/40 classique,2003-10,2026-08,275,0.08319370040971097,0.09199136077628504,0.7508788009585085,1.1393496470666302,-0.30381567733546655,2007-10,2009-02,2010-12,0.06173903318608105,0.2211371694552502,-0.1891764008844704,0.6727272727272727,0.2738295177501664,-0.01791718127391051,0.08396167648441577,0.062106481368849664,0.0828902108362336
permanent,Permanent Portfolio,2004-12,2026-08,261,0.07401067717402077,0.07337036303105426,0.8059704061789577,1.3479784645367732,-0.16986621342161579,2021-12,2022-09,2024-05,0.038691028354027386,0.22633275664681718,-0.13525674925504894,0.6245210727969349,0.4356998115353455,0.028047602443884267,0.06597048173581299,0.033167006736964266,0.06451131688451728
golden_butterfly,Golden Butterfly,2004-12,2026-08,261,0.07723442518545065,0.08058340768226385,0.7747389698743581,1.2121282979164645,-0.17847468573169334,2021-12,2022-09,2024-05,0.040604469713377216,0.20585487900028454,-0.1377807826246703,0.6666666666666666,0.4327472261335684,0.03488566333513021,0.07178900441843006,0.043998894239055675,0.06954601315249465
all_weather,All Weather (version Robbins),2006-03,2026-08,246,0.06769975719023402,0.08189180110448366,0.652960145346177,0.9957485652554549,-0.21089875227676813,2021-12,2022-09,2025-06,0.05441183616613656,0.1844329548805339,-0.18839914111980371,0.6504065040650406,0.3210059635696175,0.021186449134326768,0.0656978398193111,0.0407155675892541,0.06809036200587748
three_fund,Portefeuille 3 fonds (Bogleheads),2003-10,2026-08,275,0.07743455245146524,0.09458862395812158,0.676762537502538,1.0060663615095837,-0.3194365361507443,2007-10,2009-02,2010-12,0.0656245303394022,0.20226132384532325,-0.19760708059058696,0.68,0.24240981756364696,-0.008972190929523727,0.06854950309103058,0.053831290838592505,0.07030579680675975
ivy,Ivy Portfolio (buy & hold),2006-08,2026-08,241,0.05779064178779714,0.12249583998693746,0.3984493075246531,0.5407087439806272,-0.4581142383503688,2008-05,2009-02,2012-09,0.10474949784319927,0.23215036960103386,-0.2853619906164384,0.6431535269709544,0.1261489754081786,-0.00030120000269862057,0.05104728047732143,0.02448221724613031,0.05137068495362329
swensen,Portefeuille Swensen (Yale),2004-10,2026-08,263,0.07865878748216937,0.11525503966763744,0.5834044149189432,0.8386994563251399,-0.404097537682382,2007-10,2009-02,2010-12,0.08368009668117035,0.22510372026899694,-0.2440155380749255,0.6692015209125475,0.194652973965891,0.025946017548085454,0.06666198357404474,0.05167122104880795,0.07176554213079145
gem,Global Equities Momentum (GEM),2008-06,2026-08,219,0.0825592192247262,0.12514641765709944,0.5965369068187355,0.8991679780168041,-0.21585244396315806,2021-12,2023-10,2024-06,0.07443485665654528,0.2872879743750789,-0.1705006700679177,0.6438356164383562,0.38247989093335216,0.004362035653533658,0.08147761046376545,0.046701984215817616,0.06740654900810628
adm,Accelerating Dual Momentum,2008-07,2026-08,218,0.12464017346952283,0.1506690345516939,0.7720439184960111,1.322432861778396,-0.3493174787908744,2021-12,2022-10,2025-08,0.09965254980417951,0.28146068939916025,-0.3105416265434201,0.6376146788990825,0.3568105836013464,0.032012524809396536,0.09792733491916761,0.06367405590777109,0.10545952145690629
adm_tip,Accelerating Dual Momentum (variante TLT/TIP),2008-07,2026-08,218,0.13224936438998602,0.14459785531034217,0.8446918759788546,1.4792024817071707,-0.25755435179658825,2021-12,2022-09,2025-05,0.0759059987567022,0.28146068939916025,-0.24173611312522691,0.6513761467889908,0.5134813815704197,0.04719121179692731,0.10149095766545879,0.07426438153158954,0.10812497947843358
gtaa5,GTAA 5 / Ivy Portfolio avec timing,2007-06,2026-08,231,0.04814260697814521,0.06740257337443772,0.5273895011069186,0.7793334967858866,-0.11072647936971236,2011-04,2012-05,2014-04,0.038581422852918566,0.21572580672784025,-0.044264866591813945,0.6363636363636364,0.434788564146418,0.003963917524795413,0.039887034092936924,0.01740293862962905,0.03917755843540682
spy_sma10,S&P 500 avec timing (moyenne 10 mois),2003-06,2026-08,279,0.08873827524736422,0.10303233173314576,0.728763947366442,1.1346912132509082,-0.2287181649882577,2021-12,2023-02,2024-07,0.07350754347930617,0.32307684841426587,-0.20786694028636887,0.6594982078853047,0.387980881413245,0.02107646937358032,0.08727723979636004,0.05473913704937172,0.0857210197350392
