id,name,start,end,months,cagr,vol,sharpe,sortino,max_dd,max_dd_peak,max_dd_trough,max_dd_recovery,ulcer,best_year,worst_year,pct_pos_months,underwater_months,underwater_start,underwater_end,underwater_ongoing,calmar,roll5_min,roll5_median,roll10_min,roll10_median
acwi,Actions mondiales (référence),2008-07,2026-08,218,0.08758560940067905,0.16487821891512616,0.5175119467957585,0.757017776005055,-0.4580021681015898,2008-07,2009-02,2010-12,0.10299482495866091,0.3236152101509513,-0.18385373831309793,0.6284403669724771,28,2008-08,2010-12,False,0.1912340497507244,0.02107524809377992,0.09970236708456448,0.05818395873296467,0.09265233830909536
spy,S&P 500 (référence),2008-07,2026-08,218,0.12378198246886973,0.1557717445268066,0.7496531519578961,1.1392138204895805,-0.4179546837296355,2008-08,2009-02,2010-12,0.08959710716730986,0.32307794265818846,-0.18175384299603214,0.6743119266055045,27,2008-09,2010-12,False,0.2961612521345525,0.06650602186260657,0.14203238719629319,0.10063863836339948,0.13376158941276972
6040,60/40 classique,2008-07,2026-08,218,0.08932791749672409,0.09908708092559669,0.7876884996447496,1.196724265418672,-0.243939742961928,2008-08,2009-02,2009-11,0.05514468963504386,0.22113762140927462,-0.1612485817597562,0.6697247706422018,25,2022-01,2024-02,False,0.36618845462449146,0.056420015769883536,0.0914243789585305,0.0712865739830515,0.09387738259767109
permanent,Permanent Portfolio,2008-07,2026-08,218,0.07029514368782563,0.07762377135864527,0.7564415829494798,1.2476110883901705,-0.16986599977201844,2021-12,2022-09,2024-05,0.04114133105801044,0.22633353252375388,-0.1352569535017406,0.6192660550458715,28,2022-01,2024-05,False,0.41382703885515976,0.028047382978502178,0.05756442628051306,0.03316695335995745,0.06173653872009166
golden_butterfly,Golden Butterfly,2008-07,2026-08,218,0.07679650795436377,0.0854007509860596,0.7647461637979254,1.1858280462472806,-0.17847452784223605,2021-12,2022-09,2024-05,0.042328120889980905,0.205855486340351,-0.13778096011365126,0.6559633027522935,28,2022-01,2024-05,False,0.4302939410056803,0.03488591138491004,0.06375144273305411,0.04399897085861926,0.07102139339458136
all_weather,All Weather (version Robbins),2008-07,2026-08,218,0.06577952573517543,0.08586600924211395,0.6384690557796623,0.9694074722309524,-0.2108982954911517,2021-12,2022-09,2025-06,0.05759382052319975,0.18443295548449212,-0.18839909741952332,0.6376146788990825,41,2022-01,2025-06,False,0.3119016471042803,0.021186413380178903,0.058469044067481546,0.0407157441566639,0.06278128511279557
three_fund,Portefeuille 3 fonds (Bogleheads),2008-07,2026-08,218,0.07709084600025129,0.10155804945131963,0.6593514129096771,0.9781830394818088,-0.2514626169011642,2008-08,2009-02,2009-11,0.05773712401977668,0.20226162207980192,-0.16006882017442758,0.6788990825688074,25,2022-01,2024-02,False,0.306569807274977,0.035727521184418576,0.07640399405389764,0.054619519479843115,0.08053755245828564
ivy,Ivy Portfolio (buy & hold),2008-07,2026-08,218,0.05470693899840606,0.12677761431245566,0.3863186161978563,0.521044248582391,-0.42278552604920483,2008-07,2009-02,2011-02,0.09541457323385338,0.23214986150767025,-0.09989007100078706,0.6422018348623854,36,2014-07,2017-07,False,0.1293964330085395,-0.00030085485411668333,0.061333777158141034,0.029210699638122506,0.05597759104878297
swensen,Portefeuille Swensen (Yale),2008-07,2026-08,218,0.07553019804809358,0.12164876072681705,0.55755490466539,0.7991669154840307,-0.3460170007453387,2008-08,2009-02,2010-03,0.07563259764482262,0.2251046031997923,-0.18416165741154822,0.6559633027522935,30,2022-01,2024-07,False,0.2182846446428863,0.030879348798667605,0.07405761434592883,0.05167131845215844,0.07750563092684448
coffeehouse,Coffeehouse Portfolio,2008-07,2026-08,218,0.07126124251476518,0.10454143396226985,0.5908226289675071,0.8556471895099177,-0.26927057796839615,2008-08,2009-02,2010-03,0.06124457439694986,0.19324910839955511,-0.16020111799175207,0.6880733944954128,30,2022-01,2024-07,False,0.2646454843021468,0.024973525090244086,0.0680429929530546,0.043191379085182335,0.06849927328855121
larry,Larry Portfolio,2008-07,2026-08,218,0.047813023180116154,0.06958316411456078,0.5231943574499949,0.7612900348708809,-0.20810877786941284,2021-08,2023-10,2025-11,0.058393670699039384,0.13117979594545637,-0.159725939103033,0.6834862385321101,50,2021-09,2025-11,False,0.22975015119313502,-0.00018188284427700374,0.043269886131424906,0.016547825247658077,0.036696738778705607
gem,Global Equities Momentum (GEM),2008-07,2026-08,218,0.08306360636432752,0.12541601026174026,0.5998480927403036,0.9040583664514813,-0.21585393115229334,2021-12,2023-10,2024-06,0.07460552148571228,0.28728686923930113,-0.17050063235206148,0.6467889908256881,29,2022-01,2024-06,False,0.38481396155682207,0.004362219085249697,0.0815169845230872,0.046702052844140196,0.0673431603825676
adm,Accelerating Dual Momentum,2008-07,2026-08,218,0.12464001741098407,0.15066887329898598,0.7720441718304581,1.3224351123498337,-0.3493168197076786,2021-12,2022-10,2025-08,0.09965235990289276,0.28146438097012316,-0.31054092818375434,0.6376146788990825,43,2022-01,2025-08,False,0.3568108100700319,0.03201256824730092,0.09792757283745956,0.06367415945054211,0.10545942691735521
adm_tip,Accelerating Dual Momentum (variante TLT/TIP),2008-07,2026-08,218,0.13224907284977783,0.14459775250970353,0.8446909402349996,1.4792017266262438,-0.2575551032004735,2021-12,2022-09,2025-05,0.07590630019070302,0.28146438097012316,-0.24173688053821152,0.6513761467889908,40,2022-01,2025-05,False,0.5134787515619093,0.04719057735814247,0.10149055984274202,0.07426428072534219,0.10812488529834519
adm_cash,Accelerating Dual Momentum (variante cash),2008-07,2026-08,218,0.10328940032921108,0.12415921518568766,0.7528862261534559,1.286316435936277,-0.18181718637647304,2021-12,2022-12,2024-06,0.06521832990604473,0.42976416832031616,-0.18181718637647337,0.6284403669724771,29,2022-01,2024-06,False,0.5680948120896486,0.01914303823339969,0.09218205611041563,0.061591984199921956,0.08609348444691456
gtaa5,GTAA 5 / Ivy Portfolio avec timing,2008-07,2026-08,218,0.04535793551700462,0.06815447075505762,0.5001079740194165,0.732980075602484,-0.11072574696178705,2011-04,2012-05,2014-04,0.0376497785736446,0.21572508799027545,-0.04426523388515635,0.6330275229357798,35,2011-05,2014-04,False,0.4096421723184063,0.003964249450790991,0.0418146868216458,0.017402927845543648,0.040072723805213206
spy_sma10,S&P 500 avec timing (moyenne 10 mois),2008-07,2026-08,218,0.08529817883681368,0.10972225615533955,0.6871361665994876,1.0545358633531463,-0.22871970809111908,2021-12,2023-02,2024-07,0.08189504133291839,0.32307794265818846,-0.20786773364119504,0.6467889908256881,32,2010-05,2013-01,False,0.3729375992506599,0.02107626581312272,0.09693136129547564,0.054739004572291305,0.08240253752863258
vaa,Vigilant Asset Allocation (VAA-G4),2008-07,2026-08,218,0.06036767442370805,0.10430897382405813,0.4914941846648868,0.8240044369021534,-0.20925365798856976,2021-07,2023-02,2026-01,0.0921707962090481,0.28390838846053534,-0.1272618290609736,0.5642201834862385,53,2021-08,2026-01,False,0.2884904139979506,-0.015372295134008285,0.04769049165007333,0.02396760159076683,0.052846107258671005
daa,Defensive Asset Allocation (DAA-G12),2008-07,2026-08,218,0.07914697608512844,0.08343769167105904,0.7988454791366898,1.396725601641102,-0.19530510610049256,2021-08,2023-02,2025-09,0.06289922655354475,0.2573055437802072,-0.12027479713529987,0.6376146788990825,48,2021-09,2025-09,False,0.4052478589290136,0.02122943698851465,0.05952248343961286,0.04116075033006239,0.06618041556433951
paa,Protective Asset Allocation (PAA2),2008-07,2026-08,218,0.06944875227195157,0.07955547978047108,0.7259916610859669,1.2339969745766766,-0.20552734112003934,2021-12,2023-10,2025-09,0.05803762821967092,0.15547678356607908,-0.16477521579351384,0.6192660550458715,44,2022-01,2025-09,False,0.33790517550358257,0.021985125780604298,0.05661268315467982,0.038761076959186624,0.06227074317201575
haa,Hybrid Asset Allocation (HAA),2008-07,2026-08,218,0.09930465136286326,0.09178506499617263,0.937400182407106,1.7315464286473872,-0.0921010743821169,2011-04,2011-11,2012-12,0.02985120019763965,0.24586877905602056,-0.040162968788602926,0.6330275229357798,19,2011-05,2012-12,False,1.0782138213812744,0.02596521252763373,0.10023982629273309,0.06560498115824753,0.08949454754912711
baa,Bold Asset Allocation (BAA-G12),2008-07,2026-08,218,0.07181272941943773,0.07863808926264465,0.7550625127173294,1.3368842066623552,-0.11134757019132446,2022-05,2023-02,2025-10,0.042827874935641566,0.15880825410339172,-0.02158932652599932,0.6192660550458715,40,2022-06,2025-10,False,0.6449420431541033,0.01952400337243132,0.06410749432902896,0.05132457892809983,0.07172928386115718
gpm,Generalized Protective Momentum (GPM),2008-07,2026-08,218,0.06210504498270164,0.07776504035415546,0.6513385543198669,1.0835788116577407,-0.11661937208266626,2026-02,2026-06,,0.042007573128815166,0.2205299850759257,-0.057046924980804437,0.6055045871559633,47,2021-09,2025-08,False,0.53254484116651,0.007695151908462261,0.05309805918871313,0.038092907969104806,0.05519558369417732
buffett,90/10 de Warren Buffett,2008-07,2026-08,218,0.11451932214059402,0.13946778600841883,0.7598854548547903,1.1585584040940022,-0.3745807943161634,2008-08,2009-02,2010-12,0.07859434472551814,0.2909540798667454,-0.16749540313626232,0.6743119266055045,27,2008-09,2010-12,False,0.305726625278963,0.06301394163371188,0.1290792510821781,0.09379709815281245,0.1220347607707537
sector_rot,Rotation sectorielle (Faber),2008-07,2026-08,218,0.103982187921833,0.15588192269415888,0.6331262971142331,0.9612837503834274,-0.34073566671582034,2008-08,2009-02,2010-03,0.07000935607562554,0.2734841343714671,-0.05074872731999891,0.6192660550458715,25,2015-01,2017-02,False,0.3051696610573968,0.03365891089359674,0.12728948880055868,0.08277082352740561,0.11674692280388066
sector_rot_trend,Rotation sectorielle avec filtre de tendance,2008-07,2026-08,218,0.07931272491168828,0.11884538953479666,0.5955889008818063,0.960367201318944,-0.209685655193513,2014-12,2016-08,2017-12,0.0825493220678715,0.2734841343714671,-0.10851838141983938,0.5825688073394495,35,2015-01,2017-12,False,0.378245831067904,-0.009695231541118066,0.07755371609420858,0.03665957547234178,0.0668458209793299
cdm,Composite Dual Momentum,2008-07,2026-08,218,0.05582725386610887,0.08296223482067998,0.5452875187582397,0.8310148660004789,-0.14318328521360335,2021-12,2023-10,2024-08,0.05072176690887514,0.2071353620304901,-0.10252711110550372,0.6009174311926605,31,2022-01,2024-08,False,0.3899006352789349,0.0023394145709536573,0.03933462838118462,0.019916856119654325,0.04180163654161273
paired_switching,Paired Switching,2008-07,2026-08,218,0.08053480211258623,0.15276919291521499,0.4991428214193484,0.7769437641732904,-0.2835062385593391,2021-12,2022-09,2024-08,0.10726473236852269,0.3905288255711874,-0.23075800496131293,0.5963302752293578,33,2015-02,2017-11,False,0.2840671250192964,-0.015477307259806783,0.07158066413509157,0.024944020458443017,0.06362056314234454
